capture_id,tier,reference_room,predicted_room,quantity,truth_m,prediction_m,absolute_error_m,signed_error_m,relative_error,nominal_interval_coverage,gate_limit_m,pass,comparison_type
three_room_lidar_final,lidar,room_1,room_2,short_extent,2.3,2.3737882234500276,0.07378822345002778,0.07378822345002778,0.032081836282620776,False,,,axis_extent_proxy_not_per_wall
three_room_lidar_final,lidar,room_1,room_2,long_extent,2.36,2.389313927741834,0.029313927741834167,0.029313927741834167,0.012421155822811088,True,,,axis_extent_proxy_not_per_wall
three_room_lidar_final,lidar,room_1,room_2,ceiling_height,2.8,2.7591454344138064,0.04085456558619338,-0.04085456558619338,0.014590916280783352,True,0.015,False,height
three_room_lidar_final,lidar,room_2,room_1,short_extent,3.3,3.253397653149225,0.0466023468507748,-0.0466023468507748,0.014121923288113576,False,,,axis_extent_proxy_not_per_wall
three_room_lidar_final,lidar,room_2,room_1,long_extent,4.2,4.235089801587384,0.03508980158738417,0.03508980158738417,0.008354714663662898,True,,,axis_extent_proxy_not_per_wall
three_room_lidar_final,lidar,room_2,room_1,ceiling_height,2.8,2.7687162494134787,0.03128375058652111,-0.03128375058652111,0.011172768066614682,True,0.015,False,height
three_room_lidar_final,lidar,room_3,room_3,short_extent,0.81,0.8075990481907909,0.002400951809209184,-0.002400951809209184,0.002964138036060721,True,,,axis_extent_proxy_not_per_wall
three_room_lidar_final,lidar,room_3,room_3,long_extent,1.67,1.6739475152729129,0.003947515272912927,0.003947515272912927,0.002363781600546663,True,,,axis_extent_proxy_not_per_wall
three_room_lidar_final,lidar,room_3,room_3,ceiling_height,2.26,2.1928448668352756,0.06715513316472421,-0.06715513316472421,0.02971466069235585,False,0.015,False,height
kitchen_lidar_final,lidar,room_1,room_1,short_extent,2.3,2.377047678151831,0.077047678151831,0.077047678151831,0.03349899050079609,False,,,axis_extent_proxy_not_per_wall
kitchen_lidar_final,lidar,room_1,room_1,long_extent,2.36,2.495437407576013,0.13543740757601297,0.13543740757601297,0.05738873202373431,False,,,axis_extent_proxy_not_per_wall
kitchen_lidar_final,lidar,room_1,room_1,ceiling_height,2.8,2.79208031588655,0.007919684113449676,-0.007919684113449676,0.0028284586119463133,True,0.015,True,height
three_room_video_final,video,room_1,,short_extent,2.3,,,,,,0.06899999999999999,False,axis_extent_proxy_not_per_wall
three_room_video_final,video,room_1,,long_extent,2.36,,,,,,0.07079999999999999,False,axis_extent_proxy_not_per_wall
three_room_video_final,video,room_1,,ceiling_height,2.8,,,,,,0.015,False,height
three_room_video_final,video,room_2,,short_extent,3.3,,,,,,0.09899999999999999,False,axis_extent_proxy_not_per_wall
three_room_video_final,video,room_2,,long_extent,4.2,,,,,,0.126,False,axis_extent_proxy_not_per_wall
three_room_video_final,video,room_2,,ceiling_height,2.8,,,,,,0.015,False,height
three_room_video_final,video,room_3,,short_extent,0.81,,,,,,0.024300000000000002,False,axis_extent_proxy_not_per_wall
three_room_video_final,video,room_3,,long_extent,1.67,,,,,,0.0501,False,axis_extent_proxy_not_per_wall
three_room_video_final,video,room_3,,ceiling_height,2.26,,,,,,0.015,False,height
kitchen_video_final,video,room_1,,short_extent,2.3,,,,,,0.06899999999999999,False,axis_extent_proxy_not_per_wall
kitchen_video_final,video,room_1,,long_extent,2.36,,,,,,0.07079999999999999,False,axis_extent_proxy_not_per_wall
kitchen_video_final,video,room_1,,ceiling_height,2.8,,,,,,0.015,False,height
