pair,phase,run,reference_room,measurement,reference_m,prediction_m,absolute_error_cm,relative_error_percent,comparison
lidar_declared,before,three_room_lidar,room_1,short_extent,2.3,1.8405432989929986,45.94567010070012,19.97637830465223,sorted_extent_proxy_not_per_wall
lidar_declared,before,three_room_lidar,room_1,long_extent,2.36,2.540032332912339,18.003233291233922,7.628488682726239,sorted_extent_proxy_not_per_wall
lidar_declared,before,three_room_lidar,room_1,ceiling_height,2.8,2.7534999366920103,4.65000633079895,1.660716546713911,height
lidar_declared,before,three_room_lidar,room_2,short_extent,3.3,4.36,106.00000000000006,32.12121212121214,sorted_extent_proxy_not_per_wall
lidar_declared,before,three_room_lidar,room_2,long_extent,4.2,4.68,47.99999999999996,11.428571428571418,sorted_extent_proxy_not_per_wall
lidar_declared,before,three_room_lidar,room_2,ceiling_height,2.8,2.7696462708568865,3.0353729143113295,1.084061755111189,height
lidar_declared,before,three_room_lidar,room_3,short_extent,0.81,1.0305849585697264,22.058495856972637,27.23271093453412,sorted_extent_proxy_not_per_wall
lidar_declared,before,three_room_lidar,room_3,long_extent,1.67,1.3263721189243989,34.36278810756011,20.576519824886294,sorted_extent_proxy_not_per_wall
lidar_declared,before,three_room_lidar,room_3,ceiling_height,2.26,2.2745619160905735,1.4561916090573668,0.6443325703793659,height
lidar_declared,after,three_room_lidar_after,room_1,short_extent,2.3,2.3737882234500276,7.378822345002778,3.2081836282620775,sorted_extent_proxy_not_per_wall
lidar_declared,after,three_room_lidar_after,room_1,long_extent,2.36,2.389313927741834,2.9313927741834167,1.2421155822811087,sorted_extent_proxy_not_per_wall
lidar_declared,after,three_room_lidar_after,room_1,ceiling_height,2.8,2.7591454344138064,4.085456558619338,1.459091628078335,height
lidar_declared,after,three_room_lidar_after,room_2,short_extent,3.3,3.253397653149225,4.66023468507748,1.4121923288113576,sorted_extent_proxy_not_per_wall
lidar_declared,after,three_room_lidar_after,room_2,long_extent,4.2,4.235089801587384,3.5089801587384173,0.8354714663662898,sorted_extent_proxy_not_per_wall
lidar_declared,after,three_room_lidar_after,room_2,ceiling_height,2.8,2.7687162494134787,3.128375058652111,1.1172768066614682,height
lidar_declared,after,three_room_lidar_after,room_3,short_extent,0.81,0.8075990481907909,0.24009518092091842,0.2964138036060721,sorted_extent_proxy_not_per_wall
lidar_declared,after,three_room_lidar_after,room_3,long_extent,1.67,1.6739475152729129,0.3947515272912927,0.2363781600546663,sorted_extent_proxy_not_per_wall
lidar_declared,after,three_room_lidar_after,room_3,ceiling_height,2.26,2.1928448668352756,6.715513316472421,2.9714660692355848,height
photos_declared,before,three_room_photos,room_1,short_extent,2.3,6.6000000000000005,430.00000000000006,186.95652173913047,sorted_extent_proxy_not_per_wall
photos_declared,before,three_room_photos,room_1,long_extent,2.36,7.6000000000000005,524.0,222.03389830508476,sorted_extent_proxy_not_per_wall
photos_declared,before,three_room_photos,room_1,ceiling_height,2.8,4.1154894386803935,131.54894386803937,46.98176566715692,height
photos_declared,before,three_room_photos,room_2,short_extent,3.3,8.68,538.0,163.03030303030303,sorted_extent_proxy_not_per_wall
photos_declared,before,three_room_photos,room_2,long_extent,4.2,9.4,520.0,123.80952380952381,sorted_extent_proxy_not_per_wall
photos_declared,before,three_room_photos,room_2,ceiling_height,2.8,7.7945359828854475,499.45359828854475,178.3762851030517,height
photos_declared,before,three_room_photos,room_3,short_extent,0.81,4.44,363.00000000000006,448.1481481481482,sorted_extent_proxy_not_per_wall
photos_declared,before,three_room_photos,room_3,long_extent,1.67,5.56,388.99999999999994,232.93413173652692,sorted_extent_proxy_not_per_wall
photos_declared,before,three_room_photos,room_3,ceiling_height,2.26,4.710777362234927,245.0777362234927,108.44147620508528,height
photos_declared,after,three_room_photos_final,room_1,short_extent,2.3,2.6037667968600964,30.376679686009656,13.207252037395504,sorted_extent_proxy_not_per_wall
photos_declared,after,three_room_photos_final,room_1,long_extent,2.36,2.7722541161300414,41.22541161300415,17.468394751272946,sorted_extent_proxy_not_per_wall
photos_declared,after,three_room_photos_final,room_1,ceiling_height,2.8,3.4073689516578503,60.73689516578504,21.69174827349466,height
photos_declared,after,three_room_photos_final,room_2,short_extent,3.3,7.28,398.00000000000006,120.60606060606062,sorted_extent_proxy_not_per_wall
photos_declared,after,three_room_photos_final,room_2,long_extent,4.2,7.6000000000000005,340.00000000000006,80.95238095238096,sorted_extent_proxy_not_per_wall
photos_declared,after,three_room_photos_final,room_2,ceiling_height,2.8,5.74697846653261,294.697846653261,105.24923094759323,height
photos_declared,after,three_room_photos_final,room_3,short_extent,0.81,2.24,143.00000000000003,176.54320987654324,sorted_extent_proxy_not_per_wall
photos_declared,after,three_room_photos_final,room_3,long_extent,1.67,3.1999999999999997,152.99999999999997,91.61676646706586,sorted_extent_proxy_not_per_wall
photos_declared,after,three_room_photos_final,room_3,ceiling_height,2.26,3.215770370890457,95.57703708904572,42.29072437568395,height
kitchen_supporting,before,kitchen_baseline,room_1,short_extent,2.3,2.3974308914537907,9.743089145379091,4.236125715382214,sorted_extent_proxy_not_per_wall
kitchen_supporting,before,kitchen_baseline,room_1,long_extent,2.36,2.8272719003787903,46.72719003787904,19.79965679571146,sorted_extent_proxy_not_per_wall
kitchen_supporting,before,kitchen_baseline,room_1,ceiling_height,2.8,2.783779329977369,1.6220670022630834,0.579309643665387,height
kitchen_supporting,after,kitchen_lidar_final,room_1,short_extent,2.3,2.377047678151831,7.7047678151831,3.349899050079609,sorted_extent_proxy_not_per_wall
kitchen_supporting,after,kitchen_lidar_final,room_1,long_extent,2.36,2.495437407576013,13.543740757601297,5.738873202373431,sorted_extent_proxy_not_per_wall
kitchen_supporting,after,kitchen_lidar_final,room_1,ceiling_height,2.8,2.79208031588655,0.7919684113449676,0.28284586119463134,height
